City_ID,City,Lat,Lng,Max Temp,Humidity,Cloudiness,Wind Speed,Country,Date
0,rorvik,64.8621,11.2373,3.99,100,20,1.54,NO,1680920132
1,katsuura,35.1333,140.3,18.85,50,5,11.25,JP,1680920309
2,rikitea,-23.1203,-134.9692,25.0,68,49,6.17,PF,1680920293
3,carnarvon,-24.8667,113.6333,22.8,55,8,5.08,AU,1680920310
4,hami,42.8,93.45,11.87,12,6,2.4,CN,1680920310
5,faanui,-16.4833,-151.75,28.66,76,89,9.61,PF,1680920310
6,provideniya,64.3833,-173.3,-18.52,70,22,1.53,RU,1680920310
7,atuona,-9.8,-139.0333,27.46,74,63,8.78,PF,1680920311
8,amalapuram,16.5833,82.0167,27.47,67,0,0.48,IN,1680920311
9,baraki barak,33.9675,68.9486,11.0,49,0,0.42,AF,1680920311
10,sorland,67.667,12.6934,3.92,84,100,9.9,NO,1680920312
11,mao,39.8885,4.2658,11.31,93,0,3.09,ES,1680920312
12,bethel,41.3712,-73.414,7.2,41,0,2.06,US,1680920312
13,bubaque,11.2833,-15.8333,24.93,73,50,7.63,GW,1680920312
14,san patricio,28.017,-97.5169,14.93,96,100,4.0,US,1680920203
15,puerto ayora,-0.7393,-90.3518,26.42,89,100,1.41,EC,1680920313
16,guerrero negro,27.9769,-114.0611,15.03,70,0,7.24,MX,1680920313
17,san cristobal,7.7669,-72.225,20.1,75,100,0.59,VE,1680920130
18,bluff,-46.6,168.3333,15.45,58,0,2.17,NZ,1680920313
19,merced,37.1666,-120.7516,17.19,80,97,3.33,US,1680920187
20,dum duma,27.5667,95.5667,24.18,49,5,1.38,IN,1680920313
21,yerbogachen,61.2767,108.0108,-21.46,82,97,6.87,RU,1680920314
22,kankon,15.0167,74.0167,26.57,71,7,1.96,IN,1680920314
23,vaini,-21.2,-175.2,30.09,79,40,6.17,TO,1680920314
24,ushuaia,-54.8,-68.3,3.81,70,20,3.6,AR,1680920300
25,upernavik,72.7868,-56.1549,-29.05,99,48,5.71,GL,1680920314
26,kandrian,-6.2167,149.55,29.46,71,100,2.22,PG,1680920314
27,busselton,-33.65,115.3333,19.41,45,0,5.61,AU,1680920311
28,churapcha,62.0025,132.4325,-7.68,84,100,7.39,RU,1680920315
29,victoria,22.2855,114.1577,22.89,77,100,0.89,HK,1680920131
30,barrow,71.2906,-156.7887,-20.99,77,100,6.17,US,1680920315
31,antofagasta,-23.65,-70.4,19.6,86,39,1.66,CL,1680920289
32,thompson,55.7435,-97.8558,2.09,35,20,3.6,CA,1680920315
33,plettenberg bay,-34.0527,23.3716,16.5,95,100,3.66,ZA,1680920316
34,coahuayana,18.7333,-103.6833,22.56,77,0,0.76,MX,1680920316
35,meulaboh,4.1363,96.1285,25.76,83,100,1.85,ID,1680920316
36,butaritari,3.0707,172.7902,27.81,80,68,7.83,KI,1680920293
37,cape town,-33.9258,18.4232,15.62,81,75,5.14,ZA,1680920316
38,tiznit,29.5833,-9.5,17.56,54,87,1.37,MA,1680920316
39,samana,19.2056,-69.3369,21.55,88,95,2.33,DO,1680920110
40,torbay,47.6666,-52.7314,1.99,85,20,10.8,CA,1680920317
41,arraial do cabo,-22.9661,-42.0278,22.84,91,100,5.47,BR,1680920317
42,gadarwara,22.9167,78.7833,26.82,44,100,3.05,IN,1680920317
43,albany,42.6001,-73.9662,3.36,52,100,3.13,US,1680920129
44,artesia,33.8658,-118.0831,20.43,59,0,4.12,US,1680920128
45,mar del plata,-38.0023,-57.5575,18.38,81,0,3.13,AR,1680919881
46,krasnogorsk,55.8225,37.3181,3.99,74,0,3.0,RU,1680920318
47,waipawa,-41.4122,175.5153,12.39,64,100,4.69,NZ,1680920318
48,hobart,-42.8794,147.3294,15.92,51,75,7.2,AU,1680920019
49,qaanaaq,77.484,-69.3632,-28.46,67,0,2.78,GL,1680920116
50,poronaysk,49.2167,143.1167,0.21,95,74,0.73,RU,1680920318
51,fortuna,40.5982,-124.1573,11.07,82,100,0.92,US,1680920319
52,hermanus,-34.4187,19.2345,13.22,80,100,3.29,ZA,1680920319
53,carutapera,-1.195,-46.02,23.64,94,100,2.12,BR,1680920319
54,kavieng,-2.5744,150.7967,26.75,86,100,3.52,PG,1680920319
55,new norfolk,-42.7826,147.0587,16.72,70,99,2.68,AU,1680920319
56,bredasdorp,-34.5322,20.0403,14.43,74,100,0.86,ZA,1680920320
57,mataura,-46.1927,168.8643,15.27,50,0,1.72,NZ,1680920320
58,hilo,19.7297,-155.09,29.04,74,75,3.6,US,1680920321
59,port blair,11.6667,92.75,29.02,74,20,2.06,IN,1680920321
60,kolhapur,16.7,74.2167,23.88,69,96,1.74,IN,1680920179
61,khorramshahr,30.4397,48.1664,18.98,42,0,2.06,IR,1680920321
62,souillac,-20.5167,57.5167,23.21,94,40,1.54,MU,1680920321
63,cherskiy,68.75,161.3,-16.55,84,94,1.27,RU,1680920322
64,mogadouro,41.3403,-6.7119,10.7,53,14,0.59,PT,1680920322
65,ponta do sol,32.6667,-17.1,18.34,69,77,0.66,PT,1680920322
66,nelson bay,-32.7167,152.15,24.44,57,13,7.15,AU,1680920322
67,oranjemund,-28.55,16.4333,15.41,96,39,5.52,NA,1680920322
68,talnakh,69.4865,88.3972,-31.35,90,28,1.13,RU,1680920323
69,nome,64.5011,-165.4064,-17.69,65,0,2.57,US,1680920223
70,east london,-33.0153,27.9116,20.02,74,81,4.65,ZA,1680920323
71,lebu,-37.6167,-73.65,11.7,89,100,6.49,CL,1680920323
72,avarua,-21.2078,-159.775,29.03,79,40,6.69,CK,1680920323
73,punta arenas,-53.15,-70.9167,5.06,87,75,3.09,CL,1680920251
74,jamestown,42.097,-79.2353,1.77,68,0,3.6,US,1680920097
75,geraldton,-28.7667,114.6,22.23,49,0,4.63,AU,1680920324
76,dwarka,22.2394,68.9678,24.76,72,35,5.66,IN,1680920324
77,vostok,46.4856,135.8833,1.07,36,0,3.62,RU,1680920324
78,esperance,-33.8667,121.9,15.65,76,100,5.04,AU,1680920324
79,kapaa,22.0752,-159.319,25.99,81,100,5.66,US,1680920324
80,georgetown,5.4112,100.3354,28.96,83,20,2.06,MY,1680920324
81,kamaishi,39.2667,141.8833,10.93,86,100,0.42,JP,1680920325
82,cabo san lucas,22.8909,-109.9124,24.78,47,0,1.54,MX,1680920325
83,progreso,21.2833,-89.6667,31.06,75,2,6.79,MX,1680920192
84,vrangel,42.7297,133.0839,4.84,37,98,3.07,RU,1680920325
85,yeppoon,-23.1333,150.7333,31.88,50,8,1.81,AU,1680920326
86,port hedland,-20.3167,118.5667,33.03,46,16,4.12,AU,1680920326
87,tottori,35.5,134.2333,11.67,52,9,9.34,JP,1680920030
88,clyde river,70.4692,-68.5914,-25.87,76,0,6.17,CA,1680920326
89,isangel,-19.55,169.2667,28.27,69,22,1.67,VU,1680920326
90,whitehorse,60.7161,-135.0538,4.45,44,75,7.2,CA,1680920326
91,saldanha,-33.0117,17.9442,15.12,81,65,8.96,ZA,1680920326
92,charlestown,-32.95,151.6667,25.06,56,15,1.79,AU,1680920246
93,quelimane,-17.8786,36.8883,24.97,94,40,0.0,MZ,1680920327
94,todos santos,23.45,-110.2167,19.81,73,11,2.54,MX,1680920086
95,longyearbyen,78.2186,15.6401,-11.09,73,75,4.63,SJ,1680920117
96,chuy,-33.6971,-53.4616,16.46,75,15,1.65,UY,1680920328
97,caarapo,-22.6342,-54.8222,19.17,97,100,1.8,BR,1680920328
98,bengkulu,-3.8004,102.2655,27.51,70,54,1.31,ID,1680920328
99,inirida,3.8653,-67.9239,24.0,96,100,1.12,CO,1680920328
100,hithadhoo,-0.6,73.0833,28.01,63,72,2.17,MV,1680920328
101,dikson,73.5069,80.5464,-32.08,92,5,3.48,RU,1680920328
102,labuhan,-6.8844,112.2051,27.89,73,100,3.33,ID,1680920329
103,alofi,-19.0595,-169.9187,28.94,70,23,3.6,NU,1680920329
104,mananjary,-21.2167,48.3333,22.83,88,100,1.35,MG,1680920329
105,neiafu,-18.65,-173.9833,29.38,79,75,4.12,TO,1680920329
106,shihezi,44.3,86.0333,11.9,42,97,1.5,CN,1680920329
107,donskoye,45.4552,41.9741,5.07,78,90,1.25,RU,1680920329
108,yokadouma,3.5167,15.05,20.06,95,100,0.96,CM,1680920329
109,praia da vitoria,38.7333,-27.0667,12.14,76,40,4.2,PT,1680920330
110,evensk,61.95,159.2333,-11.86,84,40,0.58,RU,1680920330
111,arlit,18.7369,7.3853,28.13,18,99,3.1,NE,1680920330
112,mercedes,-34.6515,-59.4307,18.25,77,9,3.32,AR,1680920330
113,castro,-24.7911,-50.0119,15.5,98,100,2.8,BR,1680920293
114,vila,42.0304,-8.1588,9.49,45,94,1.42,PT,1680919743
115,cozumel,20.5083,-86.9458,26.64,80,0,3.13,MX,1680920331
116,khatanga,71.9667,102.5,-21.46,94,100,6.3,RU,1680920331
117,pimentel,-6.8367,-79.9342,27.16,83,75,3.09,PE,1680920331
118,zhigansk,66.7697,123.3711,-9.43,92,100,12.46,RU,1680920331
119,gimli,50.6336,-96.9907,-5.99,79,7,1.54,CA,1680920331
120,arteaga,18.4667,-102.4167,17.41,58,0,1.68,MX,1680920331
121,nikolskoye,59.7035,30.7861,-2.06,98,29,1.03,RU,1680920331
122,puri,19.8,85.85,27.29,76,0,3.35,IN,1680920288
123,olafsvik,64.8945,-23.7142,6.54,81,59,15.56,IS,1680920332
124,soure,-0.7167,-48.5233,24.15,84,62,3.01,BR,1680920332
125,kavaratti,10.5669,72.642,27.89,71,48,2.84,IN,1680920332
126,sao filipe,14.8961,-24.4956,21.95,78,100,2.14,CV,1680920333
127,chokurdakh,70.6333,147.9167,-17.49,91,26,1.81,RU,1680920333
128,uniontown,39.9001,-79.7164,7.27,45,100,0.45,US,1680919864
129,bambous virieux,-20.3428,57.7575,24.56,94,40,1.54,MU,1680920317
130,kruisfontein,-34.0033,24.7314,16.05,87,100,2.95,ZA,1680920333
131,mehamn,71.0357,27.8492,1.97,93,100,4.63,NO,1680920333
132,emba,48.8264,58.1442,3.55,71,76,9.0,KZ,1680920333
133,gewane,10.1664,40.6453,22.01,82,100,2.88,ET,1680920333
134,jiuquan,39.7432,98.5174,11.43,11,4,0.69,CN,1680920334
135,isiro,2.7739,27.616,18.9,96,100,1.42,CD,1680920334
136,kocerin,43.3897,17.485,6.42,81,100,0.47,BA,1680920334
137,kodiak,57.79,-152.4072,0.73,69,100,3.6,US,1680920306
138,moranbah,-22.0016,148.0466,32.02,22,4,4.71,AU,1680920335
139,benghazi,32.1167,20.0667,15.81,59,100,4.14,LY,1680920335
140,lagoa,39.05,-27.9833,12.85,59,6,4.8,PT,1680920335
141,tuktoyaktuk,69.4541,-133.0374,-17.0,85,40,8.75,CA,1680920335
142,kontagora,10.3999,5.4695,28.25,49,88,2.51,NG,1680920336
143,ilulissat,69.2167,-51.1,-20.1,97,100,1.94,GL,1680920336
144,vao,-22.6667,167.4833,24.32,75,2,3.55,NC,1680920336
145,port lincoln,-34.7333,135.8667,17.65,57,24,7.22,AU,1680920337
146,isla vista,34.4133,-119.861,17.56,72,0,3.6,US,1680920153
147,san rafael,-34.6177,-68.3301,22.07,45,84,2.94,AR,1680920167
148,makokou,0.5738,12.8642,21.24,98,100,0.89,GA,1680920337
149,sept-iles,50.2001,-66.3821,-4.0,58,40,7.72,CA,1680920337
150,viedma,-40.8135,-62.9967,15.07,72,100,3.28,AR,1680920065
151,annau,37.8876,58.516,13.72,62,20,2.06,TM,1680920337
152,surgut,61.25,73.4167,-7.9,61,75,7.15,RU,1680920338
153,kokopo,-4.352,152.2633,27.88,76,100,2.14,PG,1680920338
154,takoradi,4.8845,-1.7554,26.29,87,100,3.36,GH,1680920338
155,half moon bay,37.4636,-122.4286,15.23,88,75,4.63,US,1680920215
156,arrecife,28.963,-13.5477,17.99,72,0,2.06,ES,1680920338
157,beira,-19.8436,34.8389,22.05,100,0,2.06,MZ,1680920339
158,mana,5.6592,-53.7767,24.9,76,61,4.27,GF,1680920339
159,iqaluit,63.7506,-68.5145,-24.15,77,20,4.12,CA,1680920339
160,port alfred,-33.5906,26.891,17.59,86,20,3.22,ZA,1680920339
161,nagato,34.3833,131.2,12.34,37,2,8.06,JP,1680920339
162,mount gambier,-37.8333,140.7667,15.1,62,100,5.54,AU,1680919978
163,sitka,57.0531,-135.33,6.94,61,75,3.09,US,1680920339
164,culaman,5.9603,125.6586,28.27,71,100,1.84,PH,1680920340
165,nishihara,26.1842,127.7558,20.03,54,75,11.32,JP,1680920340
166,broken hill,-31.95,141.4333,20.29,44,2,8.37,AU,1680920340
167,narsaq,60.9167,-46.05,0.12,88,100,2.19,GL,1680920340
168,saint anthony,45.0205,-93.218,5.92,61,0,5.66,US,1680920340
169,galle,6.0367,80.217,25.76,79,19,2.29,LK,1680920340
170,diapaga,12.0708,1.7889,30.63,22,84,0.99,BF,1680920340
171,faya,18.3851,42.4509,14.06,78,59,2.97,SA,1680920340
172,neustadt,49.7117,12.0872,4.81,71,100,2.06,DE,1680920341
173,tiksi,71.6872,128.8694,-17.68,86,53,7.99,RU,1680920341
174,grindavik,63.8424,-22.4338,8.97,81,75,12.86,IS,1680920341
175,egvekinot,66.3167,-179.1667,-20.05,85,81,0.79,RU,1680920341
176,luderitz,-26.6481,15.1594,15.09,82,0,7.95,NA,1680920341
177,trincomalee,8.5711,81.2335,27.82,70,75,2.79,LK,1680919767
178,nyurba,63.2842,118.3319,-16.62,72,4,2.52,RU,1680920341
179,avera,33.194,-82.5271,10.77,87,100,7.24,US,1680920342
180,linxia,35.6003,103.2064,9.2,43,0,0.71,CN,1680920343
181,salta,-24.7859,-65.4117,18.65,84,75,1.03,AR,1680920343
182,norman wells,65.282,-126.8329,-5.98,58,75,6.17,CA,1680920343
183,marystown,47.1666,-55.1483,0.48,100,57,2.68,CA,1680920228
184,kaitangata,-46.2817,169.8464,16.07,67,0,4.76,NZ,1680920343
185,bilma,18.6853,12.9164,28.56,11,7,3.74,NE,1680920344
186,ewa beach,21.3156,-158.0072,26.97,68,40,7.2,US,1680920344
187,buckeye,33.3703,-112.5838,26.57,16,15,1.51,US,1680920129
188,hamilton,39.1834,-84.5333,9.45,54,0,2.57,US,1680919526
189,havelock,34.8791,-76.9013,13.3,80,100,9.77,US,1680920345
190,san dionisio del mar,16.3333,-94.75,29.89,64,67,3.04,MX,1680920345
191,sussex,41.1834,-74.6663,7.05,43,0,2.06,US,1680919907
192,porlamar,10.958,-63.8491,24.71,85,100,8.25,VE,1680920345
193,pacific grove,36.6177,-121.9166,15.23,80,20,4.47,US,1680920302
194,inuvik,68.3499,-133.7218,-13.58,66,0,2.06,CA,1680920345
195,hasaki,35.7333,140.8333,19.22,58,44,2.04,JP,1680920346
196,ancud,-41.8697,-73.8203,9.25,90,100,2.29,CL,1680920346
197,brigantine,39.4101,-74.3646,11.12,50,0,3.09,US,1680920346
198,pisco,-13.7,-76.2167,24.45,83,20,6.17,PE,1680920065
199,nouadhibou,20.931,-17.0347,17.99,88,66,5.66,MR,1680920346
200,jinka,5.65,36.65,17.58,76,48,1.8,ET,1680920346
201,inhambane,-23.865,35.3833,21.11,88,0,4.1,MZ,1680920346
202,naze,28.3667,129.4833,17.51,58,0,10.17,JP,1680920347
203,bud,39.447,-86.1758,9.82,49,100,3.31,US,1680920347
204,mulege,26.8833,-111.9833,16.76,37,0,0.88,MX,1680920347
205,touros,-5.1989,-35.4608,25.43,89,99,2.98,BR,1680920347
206,anage,-14.6122,-41.1356,24.49,75,99,1.88,BR,1680920347
207,vila franca do campo,37.7167,-25.4333,10.23,67,6,3.75,PT,1680920348
208,marzuq,14.4,46.4667,20.68,66,70,2.66,YE,1680920348
209,aykhal,66.0,111.5,-26.21,88,100,9.5,RU,1680920348
210,bahar,34.9072,48.4414,3.09,44,0,3.09,IR,1680920348
211,jashpurnagar,22.9,84.15,26.61,19,32,2.4,IN,1680920348
212,glendive,47.1053,-104.7125,7.79,61,0,5.66,US,1680920348
213,buchanan,5.8808,-10.0467,25.86,87,75,1.99,LR,1680920349
214,pangnirtung,66.1451,-65.7125,-23.94,85,27,2.91,CA,1680920349
215,malumfashi,11.7853,7.6218,26.19,27,88,2.95,NG,1680920349
216,solok,-0.7918,100.6593,25.53,69,88,0.71,ID,1680920349
217,buzmeyin,38.0507,58.2056,13.85,62,20,2.06,TM,1680920349
218,severo-kurilsk,50.6789,156.125,0.57,98,100,10.64,RU,1680920350
219,gravelbourg,49.8834,-106.5512,0.15,87,6,7.49,CA,1680920350
220,bagdarin,54.4333,113.6,6.57,37,100,4.72,RU,1680920350
221,waddan,29.1614,16.139,16.16,46,91,10.07,LY,1680920350
222,klaksvik,62.2266,-6.589,6.51,94,42,9.55,FO,1680920350
223,siyabuswa,-25.1132,29.0445,16.37,55,0,0.73,ZA,1680920350
224,butembo,0.15,29.2833,14.99,82,36,1.5,CD,1680920351
225,podporozhye,60.9112,34.1706,-4.66,97,22,1.28,RU,1680920351
226,sangar,63.9242,127.4739,-10.47,90,100,9.58,RU,1680920351
227,tilichiki,60.4667,166.1,-7.76,78,48,1.31,RU,1680920352
228,adolfo lopez mateos,28.4667,-107.3,12.76,15,0,5.17,MX,1680920352
229,saint-philippe,-21.3585,55.7679,23.77,86,71,3.44,RE,1680920307
230,londa,15.4691,74.5191,22.63,60,10,1.79,IN,1680920352
231,coihaique,-45.5752,-72.0662,5.34,87,0,2.57,CL,1680920352
232,porto novo,6.4965,2.6036,28.9,83,51,2.71,BJ,1680920352
233,juruti,-2.1522,-56.0922,23.57,90,100,1.4,BR,1680920352
234,zambezi,-13.5432,23.1047,16.19,86,99,2.1,ZM,1680920353
235,boden,65.8252,21.6886,-1.0,93,99,1.22,SE,1680920353
236,richards bay,-28.783,32.0377,21.85,91,64,3.75,ZA,1680920353
237,tabou,4.423,-7.3528,25.89,88,100,2.19,CI,1680920353
238,mecca,21.4267,39.8261,26.98,56,89,1.25,SA,1680920353
239,codrington,-38.2667,141.9667,15.18,68,100,8.32,AU,1680920353
240,maragogi,-9.0122,-35.2225,26.13,83,85,1.82,BR,1680920354
241,kerema,-7.9631,145.7785,26.72,80,100,0.44,PG,1680920354
242,kapoeta,4.7717,33.5903,27.86,47,44,7.59,SS,1680920354
243,grootfontein,-19.5667,18.1167,18.76,68,95,1.54,NA,1680920354
244,mogadishu,2.0371,45.3438,27.8,75,97,5.82,SO,1680920354
245,leningradskiy,69.3833,178.4167,-20.83,90,100,4.99,RU,1680920355
246,guanica,17.9716,-66.908,25.03,75,100,3.75,PR,1680920355
247,agadir,30.4202,-9.5982,18.25,79,16,1.36,MA,1680920355
248,mahebourg,-20.4081,57.7,24.03,94,40,1.54,MU,1680920349
249,tuatapere,-46.1333,167.6833,15.75,49,0,1.03,NZ,1680920355
250,kindu,-2.95,25.95,20.57,98,64,0.44,CD,1680920356
251,udachnyy,66.4167,112.4,-25.8,87,100,3.06,RU,1680920356
252,maniitsoq,65.4167,-52.9,-3.17,67,86,7.22,GL,1680920356
253,vysokogornyy,50.1167,139.15,-0.45,80,100,3.75,RU,1680920356
254,kasongo-lunda,-6.4667,16.8167,19.81,97,100,0.3,CD,1680920357
255,taoudenni,22.6783,-3.9836,23.67,16,31,4.8,ML,1680920357
256,northam,51.0333,-4.2167,8.12,72,65,3.7,GB,1680920358
257,san juan,-31.5375,-68.5364,24.62,42,34,1.45,AR,1680920358
258,santa rosa del sur,7.9644,-74.0544,20.63,90,100,1.09,CO,1680920358
259,los planes,14.05,-88.0167,15.42,42,10,1.85,HN,1680920359
260,iquitos,-3.7481,-73.2472,23.02,94,20,0.0,PE,1680920067
261,sarkand,45.41,79.9186,8.97,58,4,3.22,KZ,1680920359
262,tomatlan,19.9333,-105.25,21.44,68,0,1.05,MX,1680920359
263,boituva,-23.2833,-47.6722,20.84,96,90,2.83,BR,1680920359
264,port-cartier,50.0334,-66.8654,-4.18,68,9,8.18,CA,1680920359
265,narva-joesuu,59.4589,28.0408,-1.19,96,55,1.59,EE,1680920360
266,beringovskiy,63.05,179.3167,-14.46,81,98,0.68,RU,1680920360
267,marawi,7.9986,124.2928,25.3,69,87,2.61,PH,1680920360
268,kholodnyy,62.7167,147.95,-15.18,76,100,1.31,RU,1680920360
269,portland,45.5234,-122.6762,11.46,74,99,2.68,US,1680919950
270,willowmore,-33.2926,23.4895,14.54,74,100,1.42,ZA,1680920361
271,tolaga bay,-38.3667,178.3,15.31,94,100,8.85,NZ,1680920361
272,itarema,-2.9248,-39.9167,24.64,89,65,3.0,BR,1680920361
273,sobolevo,54.4299,31.8996,6.65,79,100,2.6,RU,1680920361
274,kurilsk,45.2333,147.8833,1.57,98,100,3.09,RU,1680920362
275,grua,60.2667,10.6667,-2.6,99,56,1.44,NO,1680920362
276,stroud,51.75,-2.2,6.61,79,10,1.39,GB,1680920362
277,sarakhs,36.5449,61.1577,17.08,48,20,7.2,IR,1680920362
278,yellowknife,62.456,-114.3525,4.29,65,75,5.14,CA,1680920348
279,paamiut,61.994,-49.6678,-1.61,69,84,3.42,GL,1680920363
280,micomeseng,2.1462,10.6164,20.69,99,92,0.75,GQ,1680920363
281,marsh harbour,26.5412,-77.0636,24.33,76,72,6.84,BS,1680920363
282,mayo,38.8876,-76.5119,12.21,53,0,3.09,US,1680920363
283,merthyr tydfil,51.7479,-3.3778,6.51,71,17,1.18,GB,1680920363
284,vila velha,-20.3297,-40.2925,25.53,91,75,1.03,BR,1680920363
285,caravelas,-17.7125,-39.2481,23.95,89,6,1.83,BR,1680920364
286,port elizabeth,-33.918,25.5701,18.51,96,75,3.09,ZA,1680920364
287,buin,-33.7333,-70.75,23.57,22,4,1.47,CL,1680920364
288,ribeira grande,38.5167,-28.7,10.99,77,25,2.68,PT,1680920364
289,quatre cocos,-20.2078,57.7625,23.94,80,61,3.19,MU,1680920364
290,praya,14.9215,-23.5087,22.3,73,40,5.66,CV,1680920364
291,aklavik,68.2191,-135.0107,-13.2,90,100,3.51,CA,1680920365
292,lavrentiya,65.5833,-171.0,-19.27,71,93,2.85,RU,1680920365
293,athmallik,20.7219,84.5348,30.52,44,8,0.77,IN,1680920365
294,chapais,49.7834,-74.8492,-10.12,86,95,4.69,CA,1680920365
295,solnechnyy,50.7214,136.6319,-0.63,70,100,3.34,RU,1680920365
296,obidos,-1.9175,-55.5181,23.11,92,94,1.23,BR,1680920365
297,namibe,-15.1961,12.1522,23.86,78,94,2.99,AO,1680920365
298,buala,-8.145,159.5921,29.77,69,97,2.88,SB,1680920366
299,hervey bay,-25.2986,152.8535,28.37,46,0,4.34,AU,1680920366
300,aksarka,66.5606,67.7975,-3.11,94,94,7.48,RU,1680920366
301,nuuk,64.1835,-51.7216,-1.66,86,75,6.69,GL,1680920366
302,kyra,49.5776,111.9753,8.55,28,1,2.43,RU,1680920366
303,hualmay,-11.0964,-77.6139,25.44,76,99,3.35,PE,1680920366
304,boddam,57.4667,-1.7833,7.21,90,100,7.71,GB,1680920367
305,tulsipur,28.131,82.2973,23.5,24,11,1.62,NP,1680920367
306,pevek,69.7008,170.3133,-23.26,91,84,0.43,RU,1680920367
307,camargo,27.6667,-105.1667,21.38,22,0,3.31,MX,1680920367
308,kamensk-shakhtinskiy,48.3178,40.2595,9.3,79,95,4.34,RU,1680920367
309,calabozo,8.9242,-67.4293,32.48,32,100,2.39,VE,1680920068
310,abnub,27.2696,31.1511,20.12,13,0,2.29,EG,1680920368
311,port moresby,-9.4431,147.1797,27.77,77,100,5.03,PG,1680920368
312,lorengau,-2.0226,147.2712,28.6,71,100,4.66,PG,1680920368
313,saskylakh,71.9167,114.0833,-20.01,93,99,5.49,RU,1680920307
314,ladario,-19.0047,-57.6017,21.42,95,100,1.24,BR,1680920368
315,san-pedro,4.7485,-6.6363,25.48,90,54,2.51,CI,1680920369
316,jalu,29.0331,21.5482,18.29,44,100,5.7,LY,1680920369
317,opunake,-39.4556,173.8583,18.25,59,78,9.19,NZ,1680920369
318,roma,43.2128,-75.4557,1.09,69,0,2.06,US,1680920369
319,port-gentil,-0.7193,8.7815,27.56,82,100,4.58,GA,1680920369
320,port hardy,50.6996,-127.4199,8.0,76,100,3.6,CA,1680920130
321,constantine,36.365,6.6147,5.67,81,0,1.03,DZ,1680920369
322,clarence town,-32.5833,151.7833,24.36,47,1,7.25,AU,1680920369
323,inverell,-29.7833,151.1167,21.48,52,0,4.02,AU,1680920370
324,dingle,10.9995,122.6711,29.9,62,40,4.99,PH,1680920370
325,qaqortoq,60.7167,-46.0333,-1.68,91,100,3.5,GL,1680920370
326,lompoc,34.6391,-120.4579,16.55,75,75,4.12,US,1680920370
327,hoquiam,46.9809,-123.8893,9.44,80,100,2.81,US,1680920351
328,new baclayon,6.5842,125.3694,28.89,68,99,1.55,PH,1680920370
329,amga,60.8953,131.9608,-4.75,80,100,4.91,RU,1680920371
330,yar-sale,66.8333,70.8333,-10.78,92,100,6.67,RU,1680920371
331,panukulan,14.9333,121.8144,27.32,74,23,7.04,PH,1680920371
332,gimbi,9.1667,35.8333,15.63,70,98,1.34,ET,1680920371
333,sorong,-0.8833,131.25,27.78,76,63,2.34,ID,1680920371
334,chicama,-7.8447,-79.1469,26.3,73,100,1.71,PE,1680920371
335,staroye drozhzhanoye,54.7266,47.5677,0.16,73,3,2.96,RU,1680920371
336,fuengirola,36.54,-4.6247,13.25,76,20,3.6,ES,1680920372
337,lamu,-2.2717,40.902,27.12,76,16,4.27,KE,1680920372
338,nabire,-3.3667,135.4833,27.29,78,100,0.54,ID,1680920372
339,bilibino,68.0546,166.4372,-13.3,65,6,0.67,RU,1680920338
340,suslonger,56.3156,48.2531,-1.07,71,0,2.21,RU,1680920372
341,tasiilaq,65.6145,-37.6368,0.09,92,97,11.78,GL,1680920372
342,namatanai,-3.6667,152.4333,28.66,73,100,1.37,PG,1680920373
343,fort nelson,58.8053,-122.7002,12.77,24,40,5.66,CA,1680920373
344,nemuro,43.3236,145.575,2.4,96,100,2.94,JP,1680920373
345,mongo,12.1844,18.693,30.51,11,49,2.04,TD,1680920373
346,shahreza,32.0339,51.8794,11.18,39,6,1.97,IR,1680920374
347,fuzhou,26.0614,119.3061,16.69,73,80,2.07,CN,1680919966
348,krasnoselkup,65.7,82.4667,-10.62,94,100,6.46,RU,1680920374
349,saint-leu,-21.15,55.2833,23.48,91,51,3.25,RE,1680920374
350,wanaka,-44.7,169.15,13.39,61,27,1.34,NZ,1680920109
351,bathsheba,13.2167,-59.5167,26.34,69,20,9.26,BB,1680920374
352,berberati,4.2612,15.7922,20.38,87,65,1.7,CF,1680920374
353,maceio,-9.6658,-35.7353,25.69,94,20,0.51,BR,1680920093
354,tezu,27.9167,96.1667,27.01,33,16,0.44,IN,1680920375
355,saint george,37.1041,-113.5841,18.86,24,0,1.54,US,1680920375
356,bandarbeyla,9.4942,50.8122,26.69,72,54,2.85,SO,1680920375
357,zhuhai,22.2769,113.5678,21.59,68,40,4.63,CN,1680920375
358,muros,42.7762,-9.0603,13.07,66,100,2.43,ES,1680920375
359,brae,60.3964,-1.353,6.14,89,15,6.95,GB,1680920375
360,soe,-9.8607,124.284,17.92,96,100,0.75,ID,1680920376
361,nanortalik,60.1432,-45.2371,-1.32,91,100,2.43,GL,1680920351
362,vredendal,-31.6683,18.5012,15.49,81,100,6.64,ZA,1680920376
363,ust-tsilma,65.441,52.1498,0.88,95,100,3.85,RU,1680920354
364,semenivka,52.1783,32.5818,6.98,87,100,3.22,UA,1680920377
365,marana,32.4367,-111.2254,25.19,14,28,4.12,US,1680920377
366,kiunga,-6.1219,141.2906,31.47,57,97,0.06,PG,1680920377
367,abu dhabi,24.4667,54.3667,24.97,73,100,2.06,AE,1680919862
368,juneau,58.3019,-134.4197,5.0,95,100,2.06,US,1680920375
369,kondoa,-4.9,35.7833,14.74,98,7,1.63,TZ,1680920378
370,kenai,60.5544,-151.2583,0.05,46,0,4.63,US,1680920378
371,guiratinga,-16.3494,-53.7583,20.86,94,98,0.85,BR,1680920378
372,sikandra,26.3667,79.65,26.37,14,69,2.37,IN,1680920378
373,tautira,-17.7333,-149.15,28.77,75,100,9.71,PF,1680920378
374,lockhart,28.6194,-81.4426,24.99,78,100,8.23,US,1680920379
375,mucuri,-18.0864,-39.5508,24.74,87,22,3.09,BR,1680920379
376,aasiaat,68.7098,-52.8699,-16.38,98,85,1.93,GL,1680920379
377,kabarnet,0.4919,35.743,13.7,83,14,1.15,KE,1680920379
378,qiongshan,20.0058,110.3542,23.99,83,100,7.0,CN,1680920379
379,ronda,36.7423,-5.1671,8.27,24,0,2.76,ES,1680920380
380,enumclaw,47.2043,-121.9915,9.55,88,100,2.27,US,1680920381
381,miles city,46.4083,-105.8406,13.54,26,0,5.66,US,1680920381
382,cabedelo,-6.9811,-34.8339,26.37,85,82,3.73,BR,1680920381
383,ruiru,-1.1606,36.9567,18.71,94,75,3.09,KE,1680920381
384,catio,11.2833,-15.25,23.84,73,86,2.35,GW,1680920381
385,broome,42.2506,-75.833,1.48,62,0,2.57,US,1680920382
386,charyshskoye,51.3978,83.5598,-2.1,91,100,3.01,RU,1680920382
387,constitucion,-35.3333,-72.4167,15.32,51,77,4.08,CL,1680920382
388,makakilo city,21.3469,-158.0858,26.18,67,40,7.2,US,1680920382
389,noumea,-22.2763,166.4572,29.99,99,16,3.88,NC,1680920382
390,airai,-8.9266,125.4092,19.83,69,100,1.72,TL,1680920383
391,xuddur,4.1213,43.8894,23.91,81,39,6.8,SO,1680920383
392,zeljezno polje,44.4083,17.9319,3.48,81,100,0.97,BA,1680920383
393,kununurra,-15.7667,128.7333,30.99,74,100,2.57,AU,1680920383
394,yadgir,16.7667,77.1333,28.11,47,5,3.46,IN,1680920384
395,oga,46.4631,10.347,-0.11,95,80,2.14,IT,1680920384
396,balsas,-7.5325,-46.0356,22.92,89,83,0.49,BR,1680920151
397,karasburg,-28.0167,18.75,14.23,54,0,3.81,NA,1680920384
398,lishu,43.3047,124.3278,7.36,12,1,4.91,CN,1680920384
399,batagay-alyta,67.8006,130.4114,-20.51,86,71,1.57,RU,1680920384
400,kudahuvadhoo,2.6708,72.8944,27.68,67,81,0.49,MV,1680920384
401,petropavlovsk-kamchatskiy,53.0452,158.6483,0.33,93,100,4.0,RU,1680920385
402,ekhabi,53.5102,142.9671,-1.58,77,100,8.15,RU,1680920385
403,terrace,54.5163,-128.6035,6.95,65,75,8.75,CA,1680920385
404,meiganga,6.5167,14.3,20.04,78,92,0.94,CM,1680920385
405,taltal,-25.4,-70.4833,19.51,83,36,1.53,CL,1680920228
406,roblin,51.23,-101.3565,-2.92,86,96,7.07,CA,1680920385
407,college,64.8569,-147.8028,-5.52,44,20,2.57,US,1680920133
408,kotri,25.366,68.3122,26.02,21,0,3.01,PK,1680920386
409,coquimbo,-29.9533,-71.3436,15.85,88,100,1.54,CL,1680919865
410,cidreira,-30.1811,-50.2056,20.84,77,96,4.68,BR,1680920385
411,cooma,-36.2333,149.1333,14.68,55,94,6.33,AU,1680920386
412,walvis bay,-22.9575,14.5053,14.91,93,12,2.2,NA,1680920386
413,halifax,44.6453,-63.5724,3.61,46,100,4.47,CA,1680920032
414,blackwater,-23.5833,148.8833,31.68,18,3,5.87,AU,1680920387
415,puerto del rosario,28.5004,-13.8627,17.86,72,0,1.54,ES,1680920387
416,oranjestad,12.524,-70.027,26.06,83,20,7.2,AW,1680920262
417,kazaki,52.6248,38.2649,4.07,72,100,3.33,RU,1680920387
418,staryy nadym,65.6118,72.6842,-2.92,93,100,8.33,RU,1680920387
419,chulumani,-16.4096,-67.5263,16.82,95,98,0.96,BO,1680920387
420,ust-kan,50.9276,84.761,1.99,98,100,0.11,RU,1680920387
421,cartagena,10.3997,-75.5144,25.79,83,40,4.12,CO,1680920099
422,oriximina,-1.7656,-55.8661,23.32,91,90,1.4,BR,1680920264
423,port hawkesbury,45.6169,-61.3485,1.77,75,100,5.66,CA,1680920388
424,itoman,26.1247,127.6694,20.43,53,40,11.32,JP,1680920388
425,floro,61.5996,5.0328,6.09,70,26,3.09,NO,1680920314
426,pulivendla,14.4167,78.2333,27.61,55,0,3.68,IN,1680920388
427,dubna,56.7333,37.1667,0.2,75,0,2.03,RU,1680920388
428,pakxe,15.1167,105.7833,28.08,69,20,4.12,LA,1680920388
429,saryg-sep,51.5,95.6,2.08,59,100,0.74,RU,1680920389
430,sergeyevka,53.88,67.4158,-4.75,47,0,1.6,KZ,1680920389
431,velingrad,42.0272,23.9957,0.61,83,39,1.6,BG,1680920389
432,beyneu,45.3167,55.2,13.5,67,99,3.61,KZ,1680920389
433,terney,45.0503,136.6092,5.91,39,65,4.39,RU,1680920389
434,muisne,0.6,-80.0333,25.97,81,100,2.16,EC,1680920390
435,mica,46.3667,24.4167,2.3,100,100,1.54,RO,1680920390
436,polson,47.6936,-114.1632,6.2,82,100,0.75,US,1680920390
437,kieta,-6.2167,155.6333,29.95,68,100,2.67,PG,1680920390
438,nhulunbuy,-12.2333,136.7667,31.34,70,40,4.63,AU,1680920390
439,matamoros,25.5333,-103.25,26.06,21,0,1.54,MX,1680919836
440,ludvika,60.1496,15.1878,-3.11,98,96,1.82,SE,1680920390
441,yanji,42.9075,129.5078,4.11,38,91,6.74,CN,1680920391
442,verkhnevilyuysk,63.4453,120.3167,-16.76,74,66,3.97,RU,1680920391
443,horta,38.5333,-28.6333,10.57,77,38,2.68,PT,1680920392
444,beloha,-25.1667,45.05,22.6,88,73,1.65,MG,1680920392
445,eureka,40.8021,-124.1637,11.53,84,100,0.45,US,1680920371
446,kahului,20.8947,-156.47,25.01,69,40,10.8,US,1680919881
447,el dorado,38.7666,-120.5177,10.29,81,100,1.27,US,1680920268
448,amazar,53.858,120.875,-0.81,73,48,1.81,RU,1680920392
449,ozernovskiy,51.5,156.5167,1.49,90,100,6.49,RU,1680920392
450,jandaia do sul,-23.6031,-51.6433,20.36,96,100,1.21,BR,1680920392
451,rawson,-43.3002,-65.1023,12.89,54,100,6.55,AR,1680920392
452,kango,0.1943,10.0951,23.47,98,100,0.38,GA,1680920393
453,pucallpa,-8.3791,-74.5539,22.02,94,75,1.03,PE,1680920393
454,henties bay,-22.116,14.2845,15.55,93,52,2.56,NA,1680920333
455,anloga,5.7947,0.8973,27.95,79,100,5.31,GH,1680920174
456,morondava,-20.2833,44.2833,24.57,85,98,1.8,MG,1680920301
457,pervomayskiy,53.2485,40.2871,3.08,79,58,3.27,RU,1680920393
458,terrasini,38.146,13.0844,11.79,66,0,3.09,IT,1680920393
459,lima,-12.0432,-77.0282,25.5,80,40,5.14,PE,1680919947
460,sidi ali,36.0998,0.4206,10.6,70,0,1.86,DZ,1680920394
461,vanavara,60.34,102.2797,-20.06,78,85,6.0,RU,1680920394
462,north platte,41.1239,-100.7654,15.94,22,0,5.66,US,1680920042
463,sao joao da barra,-21.6403,-41.0511,24.24,90,100,2.5,BR,1680920394
464,bambanglipuro,-7.95,110.2833,27.61,70,100,0.85,ID,1680920394
465,padang,-0.9492,100.3543,28.03,74,95,1.07,ID,1680920394
466,imbituba,-28.24,-48.6703,21.03,89,94,1.46,BR,1680920228
467,moose factory,51.2585,-80.6094,-5.0,54,100,4.63,CA,1680920395
468,alice springs,-23.7,133.8833,27.34,33,1,6.17,AU,1680920318
469,kasempa,-13.4584,25.8338,15.21,97,100,1.75,ZM,1680920395
470,rio verde de mato grosso,-18.9181,-54.8442,21.85,91,100,0.67,BR,1680920395
471,nantucket,41.2835,-70.0995,8.08,48,0,6.69,US,1680920256
472,maloy,61.9353,5.1136,5.96,62,52,2.62,NO,1680920395
473,zangakatun,39.8212,45.0406,5.7,72,100,2.9,AM,1680920396
474,benguela,-12.5763,13.4055,25.64,89,100,1.35,AO,1680920396
475,altay,47.8667,88.1167,5.02,71,100,2.17,CN,1680920396
476,zhangye,38.9342,100.4517,11.2,20,1,1.22,CN,1680920396
477,santa vitoria do palmar,-33.5189,-53.3681,17.05,79,12,2.03,BR,1680920396
478,waingapu,-9.6567,120.2641,28.45,69,100,1.57,ID,1680920396
479,ouro branco,-20.5208,-43.6919,17.49,96,96,1.48,BR,1680920396
480,gamba,-2.65,10.0,25.62,88,100,1.54,GA,1680920397
481,ambon,-3.6954,128.1814,29.08,74,40,2.57,ID,1680920397
482,ahipara,-35.1667,173.1667,19.58,61,100,3.71,NZ,1680920397
483,vanimo,-2.6741,141.3028,28.01,78,100,1.27,PG,1680920397
484,diebougou,10.9667,-3.25,28.47,55,43,3.6,BF,1680920398
485,anrochte,51.5667,8.3333,5.44,88,19,0.48,DE,1680920398
486,dawlatabad,36.4141,64.9053,20.64,30,81,1.43,AF,1680920398
487,korem,12.5058,39.5228,12.87,70,58,0.23,ET,1680920398
488,kodinsk,58.6881,99.1844,-15.31,63,85,4.64,RU,1680920399
489,xudat,41.631,48.681,7.99,76,8,1.03,AZ,1680920399
490,havre-saint-pierre,50.2334,-63.5986,-2.0,50,0,8.23,CA,1680920399
491,springhill,33.006,-93.4668,11.12,84,100,2.94,US,1680920132
492,slantsy,59.1182,28.0914,-2.08,98,48,1.27,RU,1680920400
493,lebyazhye,55.2689,66.4947,-5.41,43,6,2.61,RU,1680920400
494,rumonge,-3.9736,29.4386,21.22,83,25,2.18,BI,1680920400
495,zlynka,52.4267,31.7378,7.27,91,100,2.44,RU,1680920401
496,poum,-20.2333,164.0167,25.21,66,0,1.84,NC,1680920401
497,husavik,66.0449,-17.3389,5.07,84,98,9.45,IS,1680920326
498,goure,13.9835,10.2704,27.13,12,62,2.47,NE,1680920401
499,gizo,-8.103,156.8419,29.45,64,100,0.7,SB,1680920401
500,karlskoga,59.3267,14.5239,-0.38,96,63,1.68,SE,1680920402
501,killybegs,54.6333,-8.45,7.17,78,100,6.3,IE,1680920402
502,tocopilla,-22.092,-70.1979,21.78,75,18,2.01,CL,1680920402
503,alamosa,37.4695,-105.87,7.99,25,0,3.6,US,1680920403
504,berlevag,70.8578,29.0864,2.0,93,100,8.75,NO,1680920404
505,la peca,-5.6111,-78.435,19.77,95,94,0.82,PE,1680920234
506,shelburne,44.0787,-80.2041,-1.75,77,0,2.13,CA,1680920404
507,vestmannaeyjar,63.4427,-20.2734,8.04,80,100,13.56,IS,1680920404
508,biak,-0.9131,122.8766,28.87,62,100,1.36,ID,1680920404
509,rolla,37.9514,-91.7713,12.08,30,0,3.09,US,1680920190
510,kungurtug,50.5994,97.5228,0.8,58,99,0.61,RU,1680920405
511,yelizovo,53.1873,158.3805,1.08,93,100,4.0,RU,1680920406
512,shu,43.5983,73.7614,8.99,77,27,2.47,KZ,1680920406
513,sandwick,60.0,-1.25,6.9,81,100,4.63,GB,1680920406
514,jacareacanga,-6.2222,-57.7528,22.65,99,100,1.11,BR,1680920406
515,zarate,-34.0981,-59.0286,18.35,81,2,1.79,AR,1680920406
516,korla,41.7597,86.1469,9.59,17,55,2.0,CN,1680920407
517,tombouctou,20.0,-3.0,23.08,18,6,4.35,ML,1680920407
518,plouzane,48.3833,-4.6167,7.03,81,0,4.12,FR,1680920407
519,safaga,26.7292,33.9365,24.2,36,0,2.35,EG,1680920408
520,kouango,4.9934,19.9619,24.82,70,100,0.45,CF,1680920408
521,araouane,18.9048,-3.5265,24.62,13,10,4.2,ML,1680920409
522,snezhnogorsk,69.1933,33.2531,2.88,88,100,9.17,RU,1680920409
523,mbandaka,0.0487,18.2603,22.36,91,21,1.65,CD,1680920409
524,kaoma,-14.7833,24.8,15.53,79,66,2.36,ZM,1680920409
525,acari,-15.4311,-74.6158,23.87,78,20,1.15,PE,1680920409
526,novi pazar,43.1367,20.5122,1.4,94,97,0.54,RS,1680920410
527,los llanos de aridane,28.6585,-17.9182,14.86,78,0,3.6,ES,1680920410
528,piranshahr,36.701,45.1413,6.47,64,16,4.24,IR,1680920410
529,melfort,52.8667,-104.6177,-2.93,80,6,9.26,CA,1680920410
530,kloulklubed,7.0419,134.2556,28.28,72,100,6.06,PW,1680920411
531,lasa,46.6166,10.7002,2.98,94,90,2.32,IT,1680920411
532,dakar,14.6937,-17.4441,21.49,86,100,8.14,SN,1680919808
533,mastic beach,40.7668,-72.8521,8.89,44,0,3.6,US,1680920411
534,kirkland lake,48.1446,-80.0377,-6.84,63,72,0.51,CA,1680920411
535,bashtanka,47.4072,32.4387,6.55,75,92,3.65,UA,1680920412
536,mpika,-11.8343,31.4529,16.3,99,82,2.12,ZM,1680920353
537,alta floresta,-9.8756,-56.0861,21.85,97,100,0.14,BR,1680920412
538,bairiki,1.3292,172.9752,31.0,70,20,4.63,KI,1680920412
539,dingzhou,38.5131,114.9956,16.06,19,0,4.59,CN,1680920413
540,sulangan,11.1373,123.7228,26.87,77,69,5.69,PH,1680920413
541,wysokie mazowieckie,52.9166,22.5171,2.0,88,42,0.85,PL,1680920413
542,aripuana,-9.1667,-60.6333,21.71,98,40,0.32,BR,1680920413
543,krasni okny,47.5404,29.46,5.45,83,31,0.87,UA,1680920270
544,high level,58.5169,-117.136,9.06,49,75,2.57,CA,1680920414
545,dorverden,52.85,9.2333,5.88,92,100,2.51,DE,1680920414
546,la rioja,42.25,-2.5,3.88,40,91,2.89,ES,1680920371
547,nara,34.6851,135.8049,14.65,43,86,6.52,JP,1680920407
548,paita,-5.0892,-81.1144,26.54,78,41,4.31,PE,1680920415
549,mezhova,48.2532,36.7347,8.53,84,100,3.38,UA,1680920415
550,inongo,-1.95,18.2667,22.17,91,100,2.09,CD,1680920415
551,pangkalanbuun,-2.6833,111.6167,29.34,66,100,1.24,ID,1680920392
552,launceston,-41.45,147.1667,19.23,58,75,5.14,AU,1680920046
553,jumla,29.2747,82.1838,11.5,26,0,1.25,NP,1680920415
554,gao,16.6362,1.637,27.51,16,61,5.01,ML,1680920416
555,teya,60.3778,92.6267,-17.1,90,100,4.77,RU,1680920416
556,sierra vista,31.5545,-110.3037,19.5,15,0,4.12,US,1680920417
557,moerai,-22.4333,-151.3333,26.35,78,8,7.43,PF,1680920417
558,yenagoa,4.9247,6.2642,25.54,92,100,1.73,NG,1680920418
559,fairbanks,64.8378,-147.7164,-5.51,44,0,2.57,US,1680919865
